{
  "detection": {
    "mAP@0.50:0.95": 0.19637898713456944,
    "mAP@0.50": 0.3284634359695068,
    "mAR@0.50": 0.40262154061914074,
    "mAR@0.50:0.95": 0.2602916162497724,
    "mAR@max=1": 0.08845123555083573,
    "mAR@max=10": 0.21398138672490194,
    "mAR@max=100": 0.2602916162497724,
    "precision": 0.19637898713456944,
    "recall": 0.2602916162497724
  },
  "tracking_overall": {
    "MOTA": 0.11573441278519614,
    "HOTA": 0.364100695157342,
    "IDSW": 264.0,
    "precision": 0.6194097314544005,
    "recall": 0.30617180107244246,
    "tp": 34944.0,
    "fp": 21471.0,
    "fn": 79188.0
  }
}